Channel 0,Channel 1,Channel 2,Channel 3,Channel 4,Channel 5,Channel 6,Channel 7,actionCategry
241,401,66,40,82,36,114,43,0
247,345,64,37,82,39,141,45,0
266,320,64,35,81,38,150,50,0
268,317,62,37,80,38,150,51,0
242,315,63,37,81,37,169,53,0
249,357,67,34,73,36,164,54,0
241,348,62,34,76,36,158,53,0
237,341,59,33,80,35,160,50,0
245,337,59,31,81,36,162,46,0
242,319,54,33,82,37,124,44,0
233,265,53,37,81,43,142,39,0
260,339,49,38,64,38,158,40,0
287,354,52,41,61,40,152,38,0
325,345,49,41,60,39,158,39,0
319,301,43,38,63,39,159,42,0
320,308,44,37,67,35,152,43,0
318,237,50,38,72,36,111,41,0
296,246,51,37,73,35,108,39,0
210,238,49,35,72,35,105,39,0
210,242,50,34,66,37,97,33,0
207,227,44,32,53,37,174,35,1
180,223,40,30,46,36,178,37,1
157,184,40,30,40,40,186,40,1
165,194,43,31,52,43,184,39,1
198,178,43,35,59,40,187,38,1
193,188,45,34,64,37,109,36,1
197,181,42,33,78,44,151,38,1
187,198,48,34,78,41,151,36,1
247,219,55,34,69,44,154,46,1
256,222,53,30,64,43,150,46,1
260,223,54,31,66,43,147,46,1
262,250,55,35,59,38,100,44,1
289,291,50,32,64,48,107,43,1
260,290,41,33,64,54,138,42,1
317,322,54,41,63,56,148,49,1
316,320,53,43,59,58,149,49,1
311,298,51,43,68,57,154,48,1
333,253,51,44,87,50,141,47,1
313,244,54,42,87,35,109,38,1
231,204,40,36,88,34,150,29,1
232,210,42,36,86,32,170,40,1
257,195,43,33,71,33,165,40,1
208,189,44,40,47,30,166,41,1
204,172,39,42,45,30,160,40,1
216,184,41,44,53,30,114,41,1
201,186,40,42,54,48,94,29,1
186,201,40,40,56,50,93,30,1
180,190,34,33,49,51,96,34,1
198,201,36,39,50,53,153,37,1
174,196,34,40,41,53,155,35,1
247,188,33,40,51,49,177,38,1
242,186,34,40,57,48,177,39,1
237,186,40,40,59,48,174,34,1
226,173,38,34,61,47,126,35,1
223,150,37,33,67,46,119,33,1
202,139,36,33,64,36,156,38,1
254,143,36,33,55,39,172,40,1
254,157,36,38,56,40,173,40,1
257,155,39,41,55,39,175,39,1
270,160,40,36,70,66,177,43,1
256,155,42,37,71,66,106,79,1
241,142,43,39,71,63,89,174,1
250,159,43,41,71,62,87,193,1
259,152,47,41,81,65,110,220,1
256,151,63,46,73,86,136,361,1
253,164,87,46,80,107,141,391,1
211,162,94,46,102,115,167,397,1
219,171,96,43,110,128,188,443,1
231,222,137,57,103,140,193,590,1
259,254,255,74,108,134,196,662,1
270,302,275,81,137,197,218,705,1
369,378,300,84,140,262,292,789,1
392,518,363,101,142,268,353,874,1
396,520,439,106,145,266,360,857,1
388,519,414,99,144,260,356,837,1
405,496,419,103,117,208,356,890,1
321,458,409,107,100,113,305,821,1
309,280,358,90,99,84,247,822,1
306,239,246,76,103,70,238,784,1
294,214,188,78,97,74,242,797,1
260,199,171,72,95,77,237,803,1
265,157,165,67,107,74,219,845,1
272,147,164,71,102,71,200,768,1
270,157,177,78,96,72,209,807,1
303,155,205,74,91,61,193,725,1
289,175,183,70,123,50,192,671,1
324,179,173,67,117,47,231,680,1
319,187,187,69,112,56,263,679,1
314,214,178,57,114,64,247,639,1
284,210,153,51,115,65,246,638,1
304,206,180,57,69,65,244,613,1
340,215,236,67,58,67,214,796,1
341,207,241,69,61,68,195,846,1
353,172,243,70,54,58,197,860,1
352,187,302,81,52,57,205,852,1
354,195,286,77,53,58,207,899,1
285,184,254,69,65,55,185,667,1
278,179,245,64,75,49,160,631,1
322,176,299,70,76,45,157,567,1
337,161,251,61,77,50,181,629,1
338,146,259,60,76,48,175,530,1
330,144,249,57,76,49,184,547,1
327,171,256,57,74,47,178,529,1
308,179,213,58,76,48,191,649,1
293,177,209,52,77,42,160,625,1
271,188,231,65,86,41,159,620,1
276,198,247,68,86,47,195,708,1
268,175,228,68,83,48,198,689,1
241,190,234,60,85,47,181,568,1
239,184,230,61,93,46,182,564,1
235,173,189,45,89,47,174,582,1
255,181,165,45,110,59,123,503,1
280,207,197,43,121,61,108,480,1
285,236,217,54,121,61,103,496,1
303,258,216,57,113,62,141,553,1
308,260,221,58,115,62,175,662,1
302,254,230,56,104,46,191,660,1
278,235,230,59,87,37,188,664,1
283,193,179,58,85,37,190,681,1
261,166,182,56,90,35,173,734,1
260,155,181,57,144,34,144,624,1
290,234,176,56,138,33,120,642,1
324,265,192,61,152,32,124,632,1
294,262,193,61,152,31,119,692,1
287,273,191,64,156,34,125,560,1
296,277,225,61,110,36,116,542,1
292,225,228,66,130,40,166,587,1
250,197,241,66,115,40,171,610,1
240,209,251,59,111,40,174,530,1
269,206,260,58,109,40,160,552,1
306,240,237,65,112,37,163,572,1
276,224,244,66,84,36,140,577,1
275,214,245,62,82,35,129,546,1
296,201,236,63,87,37,147,547,1
280,217,244,71,98,35,157,568,1
234,178,237,65,98,37,161,578,1
233,179,249,66,91,32,139,625,1
243,176,248,69,98,34,142,679,1
237,174,249,68,102,53,129,710,1
258,139,225,58,99,65,121,714,1
293,128,228,59,109,67,108,721,1
288,140,231,53,118,69,151,680,1
315,142,190,51,116,73,152,736,1
364,170,194,52,115,63,156,712,1
361,188,197,55,106,50,149,698,1
352,200,195,55,94,52,156,663,1
363,185,163,66,87,48,127,647,1
357,189,158,64,93,44,138,643,1
320,191,147,61,106,40,134,651,1
297,213,147,63,108,38,145,720,1
294,234,204,69,100,30,138,724,1
296,242,202,63,96,29,129,656,1
257,247,194,60,93,30,140,573,1
228,223,187,63,93,32,154,628,1
278,197,191,61,91,32,144,508,1
308,189,140,54,87,35,150,527,1
290,183,137,49,90,39,162,583,1
303,170,160,50,90,45,149,604,1
351,179,173,55,70,44,137,628,1
327,187,183,55,66,44,134,639,1
307,167,207,57,67,45,136,657,1
320,163,206,58,71,44,135,708,1
315,162,193,58,74,41,152,735,1
260,172,181,51,70,44,146,687,1
244,155,182,53,69,44,150,730,1
206,167,184,50,71,43,148,732,1
176,162,185,49,73,40,138,684,1
168,213,211,51,70,37,118,700,1
166,224,215,54,67,33,118,668,1
157,227,202,49,73,38,122,622,1
184,230,171,47,80,38,117,615,1
222,245,168,59,88,38,111,575,1
233,210,136,56,84,36,117,527,1
294,237,140,53,87,35,115,505,1
314,247,145,57,82,35,153,564,1
293,235,146,58,100,35,167,534,1
274,218,150,47,98,37,165,534,1
276,215,165,49,101,42,153,488,1
270,165,174,57,108,43,159,519,1
280,148,191,56,116,38,113,451,1
296,152,191,57,105,40,112,546,1
293,162,195,60,98,41,129,607,1
299,183,206,66,103,36,137,604,1
257,219,203,64,97,34,126,594,1
238,213,215,64,89,36,134,593,1
243,211,215,64,93,35,120,564,1
246,232,210,64,110,33,101,475,1
232,213,209,60,99,31,100,483,1
258,190,221,64,101,32,110,527,1
278,189,190,63,107,32,107,553,1
260,176,200,62,95,35,114,497,1
280,169,226,60,67,37,109,488,1
284,168,226,59,70,39,115,486,1
270,140,202,49,74,40,125,544,1
280,143,214,54,64,39,122,543,1
303,212,198,53,60,37,111,571,1
306,201,169,59,63,35,118,603,1
298,226,132,58,87,33,100,621,1
281,257,142,59,92,35,96,525,1
286,261,138,57,92,34,100,512,1
270,215,135,58,93,33,113,543,1
249,215,148,57,103,35,128,575,1
253,191,182,65,94,37,135,557,1
250,171,203,67,87,37,134,601,1
213,181,191,66,88,40,153,654,1
255,197,198,65,97,42,150,683,1
248,194,197,58,92,42,148,634,1
244,209,218,50,86,43,154,671,1
263,212,202,48,80,42,157,624,1
293,202,198,45,78,42,145,588,1
256,184,205,45,77,36,138,517,1
276,182,223,50,73,34,130,539,1
276,187,177,48,67,31,120,531,1
269,172,186,46,71,27,104,516,1
224,171,199,46,104,30,103,504,1
209,188,204,48,100,31,126,454,1
184,187,188,52,99,33,125,499,1
205,174,200,50,102,36,138,458,1
214,163,195,52,104,38,139,476,1
213,183,194,53,89,35,134,506,1
214,181,225,53,88,36,118,545,1
281,175,220,49,94,40,142,484,1
267,161,210,48,97,42,139,545,1
283,194,210,48,94,41,149,542,1
315,184,229,51,78,41,150,512,1
319,170,219,56,76,41,144,479,1
265,177,221,64,78,39,132,560,1
262,181,213,65,72,35,135,485,1
225,172,223,69,68,34,133,472,1
219,187,209,66,67,32,130,464,1
221,181,187,62,64,35,145,491,1
223,203,182,51,63,32,134,436,1
241,220,186,50,66,33,118,429,1
264,229,168,48,79,39,123,459,1
297,212,158,58,79,39,124,443,1
287,255,159,55,81,36,109,397,1
307,241,166,58,79,38,122,472,1
289,222,173,58,78,37,126,487,1
295,198,169,63,68,36,113,525,1
258,196,166,57,73,36,109,564,1
304,149,173,61,77,36,104,573,1
304,137,161,59,75,34,79,471,1
320,158,152,60,68,33,76,459,1
297,167,158,53,75,38,85,415,1
324,200,161,55,85,38,81,386,1
297,192,122,56,89,40,93,385,1
273,196,156,58,89,41,97,407,1
263,181,181,56,103,44,117,404,1
262,169,170,57,99,40,115,434,1
227,155,181,54,91,40,115,440,1
233,160,181,50,81,37,107,462,1
229,161,156,50,78,35,107,453,1
223,158,149,47,66,33,83,484,1
222,167,162,55,68,48,77,434,1
212,155,167,59,65,50,80,435,1
202,154,174,62,67,54,80,418,1
220,173,176,59,76,54,86,406,1
238,181,163,59,78,53,87,390,1
305,166,162,52,79,42,91,392,1
293,153,144,48,82,42,103,374,1
287,194,159,46,79,40,110,380,1
283,178,156,49,72,43,112,394,1
313,186,152,52,69,45,105,367,1
251,189,138,54,105,41,101,357,1
244,182,141,58,114,40,108,327,1
244,181,147,54,115,45,125,328,1
256,181,173,60,117,45,117,310,1
224,179,175,59,115,64,126,317,1
226,204,175,58,93,68,139,372,1
265,217,188,54,79,66,132,373,1
309,183,178,58,86,64,110,385,1
287,195,149,56,95,63,113,390,1
280,180,141,55,93,52,109,370,1
341,166,155,54,82,52,94,364,1
329,160,187,62,83,57,94,381,1
319,179,190,67,81,66,100,343,1
320,209,195,65,71,71,103,368,1
316,215,193,65,85,64,105,397,1
238,214,243,69,85,64,102,407,1
222,227,219,63,80,60,91,416,1
186,209,209,56,81,48,83,446,1
188,160,224,57,90,43,74,449,1
247,220,229,59,83,44,73,438,1
278,216,164,53,82,38,74,415,1
266,195,141,52,87,37,77,389,1
255,191,171,56,92,37,88,410,1
275,203,181,60,80,41,90,414,1
263,137,194,71,77,42,87,401,1
229,130,199,74,104,41,87,454,1
226,125,195,72,110,44,98,449,1
240,128,170,68,107,44,92,419,1
233,121,167,62,115,35,104,390,1
206,125,165,46,119,33,99,386,1
216,117,160,40,106,34,99,320,1
235,121,193,45,99,33,95,319,1
229,131,206,44,111,33,91,343,1
250,112,182,46,109,32,77,360,1
243,114,173,47,103,33,87,381,1
303,119,170,47,94,34,87,351,1
323,131,139,44,99,29,92,386,1
318,123,113,42,79,29,90,401,1
300,134,120,46,73,45,90,400,1
300,134,134,48,82,47,81,379,1
253,135,159,46,83,47,83,384,1
284,139,168,49,84,51,72,355,2
282,146,172,50,85,54,73,279,2
272,141,171,48,92,40,77,245,2
276,142,162,48,85,39,100,347,2
267,153,176,51,99,39,111,366,2
226,168,169,48,95,35,111,351,2
231,171,174,49,102,37,111,368,2
227,177,164,45,98,38,116,365,2
241,168,154,42,99,39,103,329,2
254,180,124,40,89,37,88,289,2
229,154,142,43,112,43,102,294,2
233,143,138,43,112,39,109,282,2
250,142,154,43,110,41,109,292,2
235,144,168,47,120,37,109,272,2
219,131,163,51,132,48,125,335,2
215,133,178,55,112,58,121,350,2
222,132,175,59,103,61,114,352,2
278,154,174,61,116,60,110,348,2
290,155,161,59,108,63,112,331,2
313,152,166,54,94,58,115,343,2
320,182,129,52,121,63,114,323,2
323,208,122,56,303,97,211,308,2
305,273,100,54,314,99,215,294,2
333,398,116,60,336,99,226,259,2
343,454,110,62,341,104,242,129,2
359,443,103,57,334,108,239,95,2
348,435,100,47,205,81,171,73,2
318,397,100,50,211,100,235,75,2
358,398,101,47,174,114,313,91,2
349,399,114,54,174,114,301,91,2
335,417,170,66,187,104,299,94,2
336,425,181,69,181,100,307,92,2
412,591,234,99,156,116,295,96,2
421,587,234,99,160,106,219,75,2
455,591,228,94,157,112,225,83,2
507,686,243,111,205,156,347,100,2
545,838,268,115,196,161,396,102,2
634,779,250,101,189,139,387,107,2
644,889,296,121,200,148,381,129,2
666,987,329,151,204,148,400,146,2
639,940,295,136,151,100,350,136,2
613,836,269,132,147,92,286,134,2
483,824,251,126,146,89,260,127,2
481,756,229,120,128,72,260,114,2
452,612,178,80,105,50,221,81,2
440,588,173,75,86,67,173,78,2
437,548,167,75,98,68,175,78,2
422,541,166,72,96,69,193,76,2
318,401,98,43,84,64,181,56,2
270,345,85,44,86,65,171,50,2
254,346,84,46,84,50,132,46,2
240,337,84,45,82,58,122,44,2
223,270,63,43,82,62,87,41,2
231,256,56,41,84,61,81,39,2
275,255,56,48,81,61,79,35,2
275,235,57,47,82,54,60,33,2
278,238,51,46,67,57,78,34,2
317,241,53,45,69,61,95,32,2
325,213,48,45,71,62,96,34,2
268,214,43,35,87,62,96,33,2
264,198,44,35,94,61,97,33,2
267,205,48,39,94,48,84,33,2
218,212,45,38,92,48,64,29,2
242,223,45,37,101,60,61,39,2
249,226,50,37,112,61,59,40,2
242,231,47,36,102,62,65,40,2
244,229,46,32,100,63,55,41,2
275,192,43,33,97,59,52,45,2
234,205,44,35,88,47,59,36,2
215,208,42,38,77,47,59,33,2
221,205,42,37,71,46,53,34,2
253,202,42,39,73,45,50,33,2
230,250,44,37,75,38,60,28,2
221,231,41,35,80,36,53,28,2
224,229,36,34,67,62,53,32,2
226,240,41,40,72,64,53,32,2
195,242,52,42,73,66,62,34,2
176,190,52,42,81,66,60,33,2
179,184,54,44,73,66,59,35,2
175,187,56,43,75,44,57,34,2
251,179,53,42,74,39,55,33,2
263,204,50,39,118,62,56,35,2
277,241,47,40,115,67,55,36,2
285,251,45,41,113,67,61,36,2
336,258,47,40,108,63,60,35,2
281,268,54,38,109,64,70,39,2
294,245,48,38,87,53,69,36,2
303,207,50,41,85,59,66,34,2
304,195,51,47,87,60,64,34,2
246,198,51,49,88,61,66,33,2
243,195,43,47,85,60,65,30,2
204,206,43,46,68,49,60,34,2
164,210,41,41,72,42,59,33,2
227,251,46,34,70,47,56,36,2
272,247,43,33,69,51,58,41,2
292,238,44,35,67,52,52,40,2
292,246,43,36,54,79,60,40,2
290,244,42,42,60,86,61,40,2
268,201,36,41,71,101,64,35,2
252,205,38,42,80,104,62,32,2
249,205,41,46,83,106,66,31,2
239,193,39,44,81,88,60,26,2
262,210,44,39,88,87,62,32,2
238,210,45,41,85,74,62,32,2
262,202,45,43,76,89,75,37,2
254,207,43,38,86,89,71,39,2
268,238,46,38,86,88,68,42,2
248,228,41,36,75,80,65,36,2
252,244,42,36,83,86,67,37,2
238,232,40,29,98,75,71,35,2
230,256,40,28,100,90,72,34,2
272,231,34,29,102,96,70,36,2
288,232,36,30,111,115,73,40,2
279,225,36,29,102,107,77,39,2
259,239,38,34,91,101,64,35,2
288,248,42,35,79,86,64,39,2
260,250,50,38,90,98,65,37,2
239,245,52,38,95,75,71,37,2
276,244,54,42,96,71,62,39,2
305,232,53,37,95,72,55,41,2
283,184,49,41,94,69,56,39,2
269,177,47,40,83,49,58,37,2
282,174,44,41,60,51,48,37,2
259,168,44,43,59,59,56,37,2
204,187,50,47,56,63,58,35,2
214,206,54,47,62,75,51,31,2
231,180,54,49,75,71,61,33,2
214,189,53,49,83,70,67,32,2
248,197,58,50,79,73,67,35,2
249,184,53,45,83,69,66,35,2
229,180,47,42,80,58,68,34,2
209,197,41,38,90,86,59,32,2
210,215,53,45,91,105,62,34,2
154,203,49,40,96,110,58,31,2
158,205,50,43,96,121,62,34,2
169,243,54,41,99,129,63,36,2
164,235,57,43,77,113,61,37,2
167,211,48,33,70,111,66,34,2
240,214,46,38,70,103,68,32,2
252,250,48,39,71,90,69,33,2
260,203,43,41,66,79,65,32,2
265,203,40,41,71,82,71,32,2
328,223,38,46,100,66,63,35,2
283,239,49,47,105,77,63,40,2
284,212,46,47,100,79,65,39,2
297,267,51,48,101,79,72,44,2
333,273,53,47,113,78,69,46,2
297,263,54,46,84,81,63,48,2
289,249,41,41,83,68,68,44,2
266,242,45,43,87,75,70,42,2
296,179,42,41,85,75,66,40,2
277,262,45,43,72,73,66,38,2
279,295,44,39,72,65,68,45,2
294,289,46,39,59,65,62,45,2
303,293,44,34,55,57,53,47,2
247,294,44,39,60,65,52,46,2
218,251,46,42,61,62,53,47,2
216,219,44,42,70,74,56,37,2
256,230,46,47,70,76,56,37,2
258,218,44,48,70,72,55,35,2
274,216,42,46,65,66,52,38,2
299,199,37,43,67,82,57,38,2
281,206,41,46,58,71,59,39,2
229,206,37,41,60,68,55,38,2
244,205,38,38,57,66,56,40,2
266,260,43,34,61,66,61,37,2
235,246,40,37,56,62,58,35,2
225,234,43,36,64,61,56,35,2
232,263,46,39,68,63,55,36,2
221,277,46,39,86,73,64,35,2
202,233,44,39,93,78,62,31,2
206,238,43,35,89,63,56,30,2
220,245,42,31,82,62,58,29,2
211,203,39,28,77,59,63,33,2
227,181,39,31,68,62,60,39,2
207,190,36,34,83,58,57,40,2
222,177,42,43,91,59,58,40,2
258,202,43,49,93,57,51,42,2
256,285,45,50,94,73,48,37,2
242,295,47,48,89,61,45,30,2
263,279,50,48,80,59,46,35,2
247,289,49,43,70,59,67,40,2
200,260,47,38,69,74,71,37,2
197,172,41,36,71,61,72,40,2
189,251,41,38,67,62,72,41,2
190,289,39,38,47,64,77,36,2
214,334,35,34,44,61,63,32,2
216,365,42,30,42,62,63,35,2
226,366,43,32,45,60,64,33,2
228,326,44,34,59,58,65,32,2
203,314,45,48,69,66,62,37,2
218,264,51,53,71,73,57,37,2
271,222,47,55,72,56,53,36,2
263,214,47,56,79,71,46,35,2
265,213,44,54,85,85,52,36,2
280,193,44,48,85,82,54,33,2
286,192,41,48,87,77,52,36,2
238,215,38,47,91,96,52,35,2
253,229,40,46,83,88,63,37,2
248,250,43,48,72,75,71,36,2
237,256,42,42,83,70,73,36,2
222,250,37,36,85,68,76,35,2
218,233,40,38,79,39,78,38,2
197,233,39,36,77,33,80,39,2
191,197,36,35,98,46,67,39,2
173,185,41,39,86,52,68,39,2
154,205,40,39,82,52,66,37,2
173,202,39,38,90,56,75,36,2
187,245,46,38,91,70,64,36,2
205,268,46,35,69,66,65,35,2
204,273,43,33,66,60,58,35,2
237,290,46,36,69,73,70,40,2
224,288,45,34,59,71,58,38,2
212,262,37,34,57,58,64,39,2
230,236,42,37,49,53,70,40,2
261,233,50,45,64,55,76,40,2
230,181,47,43,68,55,67,37,2
247,190,50,43,67,56,69,36,2
251,178,50,44,69,57,61,33,2
255,197,51,42,67,59,61,37,2
231,193,43,35,63,69,62,34,2
221,199,42,33,58,64,66,31,2
212,197,39,32,57,62,64,34,2
214,192,41,31,56,62,65,36,2
215,166,43,34,55,58,74,31,2
202,155,43,32,51,60,70,32,2
199,150,43,38,51,54,64,34,2
206,176,42,41,50,53,63,35,2
217,171,42,41,48,54,68,36,2
182,170,36,42,75,69,56,41,2
185,173,36,43,90,61,53,39,2
199,187,39,38,96,59,59,38,2
207,163,38,36,97,61,64,35,2
204,174,45,39,98,72,72,34,2
200,228,47,36,79,61,73,30,2
197,237,47,39,53,55,74,30,2
301,257,50,49,69,75,77,37,2
285,247,52,50,72,77,73,37,2
318,294,49,47,75,68,66,38,2
320,257,43,49,79,73,61,36,2
343,285,48,54,87,82,65,42,2
266,273,47,50,75,71,59,36,2
262,274,46,48,77,70,61,36,2
223,215,43,49,92,77,65,35,2
215,233,51,47,97,74,70,37,2
191,207,49,38,89,66,68,32,2
202,186,44,35,88,58,64,32,2
213,188,45,38,82,73,61,32,2
234,181,44,38,67,67,59,32,2
254,181,42,41,59,63,61,32,2
255,155,43,46,77,73,58,32,2
241,173,45,48,78,79,60,34,2
235,171,43,46,76,63,60,35,2
196,168,42,45,72,62,59,34,2
196,173,37,45,69,61,54,33,2
215,185,36,41,54,55,51,33,2
216,177,35,41,55,57,62,37,2
213,185,34,41,56,60,68,36,2
218,187,35,40,55,57,60,37,2
192,155,36,40,63,81,66,38,2
188,170,34,40,89,79,68,39,2
227,165,38,45,85,72,59,35,2
230,179,39,47,89,72,55,36,2
227,208,40,49,90,72,61,36,2
232,215,43,51,85,46,56,36,2
206,198,38,50,53,64,58,36,2
265,214,36,40,48,65,55,37,2
274,197,36,39,44,63,58,36,2
281,175,36,38,43,64,55,38,2
292,165,31,35,44,63,51,40,2
319,181,35,40,41,38,55,45,2
238,168,34,44,41,35,65,43,2
249,166,35,45,39,34,65,42,2
244,201,38,47,49,31,62,40,2
319,239,40,45,57,29,72,37,2
299,223,41,42,57,30,68,31,2
291,213,41,43,61,28,64,29,2
280,243,40,41,73,48,67,37,2
279,219,41,39,67,54,66,36,2
234,177,39,38,60,59,58,38,2
244,193,38,40,63,60,60,37,2
243,204,38,41,68,64,60,38,2
232,215,41,44,63,72,59,31,2
265,217,38,44,64,68,66,32,2
211,224,40,46,67,64,66,29,2
198,253,44,48,69,64,68,31,2
213,263,44,44,89,72,75,32,2
206,232,43,43,98,55,75,31,2
161,226,41,41,97,56,70,29,2
164,215,41,45,98,58,70,30,3
207,183,39,44,101,62,64,29,3
192,182,40,46,93,73,52,29,3
204,205,39,44,82,73,47,32,3
207,207,40,44,81,72,46,32,3
200,212,40,42,79,75,43,29,3
203,204,38,39,73,81,66,30,3
218,180,38,40,66,65,67,32,3
239,148,38,39,60,64,66,30,3
231,130,38,40,62,64,66,28,3
237,147,39,45,75,67,72,31,3
190,148,37,47,81,59,58,30,3
178,147,34,44,73,54,59,32,3
151,142,32,43,72,51,57,32,3
160,211,47,44,71,50,64,36,3
145,198,45,36,65,56,59,34,3
138,188,44,31,64,58,60,33,3
166,199,45,33,62,58,59,30,3
175,215,46,33,61,60,59,38,3
170,154,34,32,62,62,66,36,3
173,151,35,34,73,68,75,39,3
212,172,37,42,79,68,70,44,3
192,162,35,42,81,68,69,43,3
206,160,35,42,82,68,70,39,3
209,164,33,40,82,67,61,39,3
209,184,35,41,75,60,55,36,3
171,173,34,37,70,71,60,33,3
161,171,35,38,93,71,60,32,3
156,164,33,37,97,72,60,33,3
156,209,41,40,99,72,56,31,3
162,302,62,54,106,89,86,38,3
320,500,145,95,130,96,229,81,3
442,655,303,149,307,239,373,134,3
535,802,396,180,429,365,629,181,3
658,937,479,228,468,389,730,205,3
749,967,521,257,498,419,842,239,3
783,984,537,261,503,438,849,254,3
767,1091,516,255,462,421,865,245,3
826,1096,505,253,357,358,733,239,3
758,1099,449,216,328,391,703,228,3
720,1111,417,182,339,485,685,206,3
685,1121,384,162,334,502,689,182,3
660,1021,328,130,266,503,638,181,3
599,987,294,120,280,524,744,177,3
576,889,271,115,295,556,745,176,3
533,893,250,114,227,465,719,167,3
514,1041,265,121,255,484,697,181,3
579,1013,295,147,293,488,720,211,3
486,979,247,131,273,450,602,199,3
569,1055,260,137,240,433,617,214,3
627,1050,261,134,261,456,556,212,3
609,874,238,129,226,452,611,196,3
544,833,181,98,197,443,566,152,3
572,904,169,88,269,522,667,135,3
507,825,178,94,280,493,592,115,3
517,916,218,118,269,467,601,135,3
502,864,221,117,266,419,524,145,3
530,935,246,121,269,468,530,146,3
505,912,258,129,207,418,403,149,3
507,937,245,123,211,420,424,136,3
406,796,218,109,201,411,383,115,3
398,797,207,103,219,497,442,93,3
346,804,177,98,215,525,573,91,3
362,795,170,91,209,505,581,88,3
360,869,147,74,176,478,582,90,3
358,913,128,59,179,502,580,87,3
351,931,129,55,154,448,631,92,3
378,933,133,52,133,343,577,91,3
363,929,143,48,137,324,565,94,3
369,868,173,65,139,319,544,111,3
376,868,174,68,149,365,538,112,3
368,844,175,67,155,322,457,107,3
341,826,189,66,161,312,437,101,3
322,811,189,71,154,313,421,97,3
281,752,157,56,151,350,445,70,3
303,819,161,50,151,301,476,74,3
335,833,160,53,137,311,488,80,3
337,843,145,57,159,349,419,79,3
343,917,145,49,179,351,439,82,3
332,969,144,51,185,321,443,80,3
331,904,135,53,177,314,418,82,3
385,975,158,71,181,309,387,91,3
370,906,152,68,151,270,434,88,3
347,798,132,70,150,270,428,87,3
394,749,149,72,186,338,464,99,3
390,709,178,87,192,346,472,104,3
336,567,169,72,188,345,452,93,3
327,551,170,74,200,359,481,95,3
350,546,172,74,194,404,500,91,3
300,504,162,76,152,350,446,79,3
265,561,124,58,168,396,459,76,3
220,579,98,57,194,465,473,77,3
225,684,99,59,190,495,405,76,3
252,689,97,53,200,465,402,85,3
284,722,91,48,225,483,397,86,3
295,736,96,50,222,505,468,78,3
307,719,99,51,263,548,479,89,3
309,749,117,57,262,506,468,90,3
300,736,126,59,245,491,422,89,3
296,743,132,60,223,476,410,88,3
281,704,133,59,215,464,317,88,3
365,757,143,60,161,377,308,91,3
391,687,135,54,155,381,308,89,3
412,712,129,61,166,421,334,84,3
392,723,121,59,202,430,387,82,3
407,715,114,56,232,422,376,82,3
346,711,99,60,223,388,362,66,3
333,727,103,64,229,391,444,81,3
334,705,105,59,226,357,450,79,3
396,648,105,59,203,330,425,83,3
391,648,114,66,163,268,425,82,3
376,717,122,68,152,266,446,83,3
362,720,117,77,152,264,349,68,3
375,708,107,76,159,251,346,68,3
318,691,104,74,153,277,401,66,3
313,730,115,74,137,226,383,62,3
316,620,114,66,134,208,383,59,3
379,560,106,49,146,276,404,60,3
342,570,107,47,158,288,417,57,3
330,597,114,50,177,301,356,53,3
375,556,96,52,192,319,357,69,3
374,567,90,53,196,339,323,72,3
426,570,94,58,186,278,350,80,3
414,574,95,56,184,373,320,81,3
415,597,93,55,163,344,296,82,3
407,593,99,49,162,359,317,72,3
427,611,108,52,190,424,319,72,3
379,679,126,61,206,461,308,85,3
411,743,137,68,215,406,294,88,3
426,722,138,68,219,424,300,91,3
400,834,132,66,213,412,284,88,3
378,850,135,68,219,380,309,86,3
302,822,121,59,220,372,298,76,3
296,835,129,66,211,364,277,84,3
275,869,135,80,234,378,340,83,3
264,729,131,80,238,377,335,85,3
265,672,116,74,213,325,308,89,3
276,651,114,74,213,304,285,77,3
289,561,92,66,197,275,312,64,3
316,489,81,51,170,260,258,58,3
340,585,87,51,174,291,321,58,3
357,632,110,62,183,308,357,58,3
364,606,117,65,158,338,382,64,3
355,601,112,61,159,343,371,67,3
353,671,116,60,161,344,380,72,3
349,742,123,63,152,316,406,77,3
324,833,114,52,140,305,366,71,3
312,866,98,42,134,233,336,68,3
267,885,106,53,151,237,331,70,3
286,899,100,58,140,204,380,77,3
291,821,96,66,132,202,328,83,3
289,711,85,67,139,193,352,83,3
282,733,90,69,137,187,378,85,3
268,724,86,64,111,162,376,83,3
223,703,90,59,109,204,311,77,3
281,766,87,48,111,186,275,65,3
315,792,88,48,107,185,291,71,3
325,749,86,51,119,193,294,75,3
331,842,95,49,124,211,314,75,3
328,802,86,53,126,176,325,71,3
276,705,83,58,131,197,346,73,3
259,711,102,65,111,193,309,75,3
253,716,97,60,101,202,286,69,3
255,554,94,61,156,321,311,70,3
254,540,96,55,159,318,314,75,3
268,579,105,52,153,325,303,77,3
267,531,88,42,154,326,328,70,3
267,587,100,46,158,340,347,63,3
279,592,96,46,107,271,378,69,3
312,578,94,46,106,292,355,62,3
279,562,86,44,104,266,357,60,3
256,536,84,44,105,265,367,64,3
246,407,76,41,102,245,385,73,3
237,464,74,37,129,244,339,68,3
208,636,75,35,132,222,346,69,3
234,634,69,41,142,230,374,64,3
246,706,91,57,152,263,350,66,3
283,733,93,58,163,322,284,62,3
270,702,93,58,139,284,250,58,3
292,598,107,68,127,281,348,68,3
277,564,114,72,126,283,305,69,3
266,503,105,68,118,252,296,64,3
226,510,101,66,93,154,320,69,3
224,578,104,69,91,160,356,69,3
206,649,98,65,102,158,299,61,3
203,721,99,61,122,198,298,62,3
216,760,95,54,122,197,315,59,3
288,720,91,54,122,195,309,54,3
319,705,112,57,124,206,352,59,3
294,598,104,50,135,193,333,56,3
321,557,116,60,163,178,394,67,3
329,484,114,64,168,177,406,70,3
283,538,117,67,168,186,416,73,3
249,708,97,62,171,198,397,75,3
241,728,100,64,161,221,382,77,3
205,732,93,52,98,206,338,68,3
208,723,89,47,82,203,371,67,3
218,723,91,49,110,235,358,65,3
271,519,90,54,116,203,303,59,3
290,524,90,56,110,173,299,58,3
283,500,76,58,114,157,305,56,3
293,549,80,57,141,231,285,58,3
296,581,89,58,132,206,281,54,3
274,622,86,59,127,218,281,53,3
286,591,88,61,128,223,283,51,3
312,564,83,58,128,244,316,53,3
304,506,82,62,161,245,327,57,3
280,470,71,66,166,237,327,56,3
271,402,75,64,163,228,336,57,3
264,478,81,63,162,225,396,65,3
219,516,80,61,161,217,374,66,3
239,492,75,57,143,148,328,67,3
237,507,79,53,132,155,420,66,3
263,539,73,48,130,147,418,67,3
293,506,70,43,131,145,376,63,3
313,490,69,45,129,125,375,63,3
286,607,90,49,99,109,386,62,3
292,552,88,48,92,100,344,67,3
311,537,97,54,91,107,339,66,3
281,510,91,54,96,120,338,60,3
262,507,92,54,95,124,312,59,3
322,457,75,49,72,153,336,76,3
353,478,76,44,70,146,289,74,3
341,511,80,47,71,149,314,75,3
332,512,80,47,62,137,298,75,3
332,521,84,44,60,131,314,76,3
300,455,85,48,73,119,318,62,3
301,589,88,58,79,135,329,60,3
303,580,80,54,87,139,322,63,3
335,596,82,54,96,160,323,72,3
348,604,92,58,100,175,324,69,3
321,655,97,59,100,164,264,60,3
334,589,98,57,97,148,220,58,3
314,561,101,60,94,152,283,54,3
275,551,100,61,100,131,318,45,3
277,557,100,67,100,118,325,47,3
332,665,103,66,108,139,332,61,3
301,598,104,63,110,158,332,66,3
298,589,96,61,108,146,274,73,3
304,638,104,62,106,162,283,74,3
361,658,113,66,108,180,286,88,3
319,479,108,66,98,179,288,80,3
310,519,104,67,116,174,286,77,3
293,523,107,71,116,172,293,73,3
282,463,103,71,116,175,281,69,3
209,425,90,59,124,157,292,62,3
215,495,88,58,125,137,283,63,3
226,520,87,58,116,128,297,64,3
242,502,93,55,146,151,291,60,3
286,561,89,55,141,153,261,62,3
281,625,89,57,138,168,302,53,3
270,609,92,58,150,174,324,55,3
300,712,104,56,164,202,325,65,3
311,725,97,53,138,189,342,77,3
272,675,96,54,158,184,355,76,3
256,644,94,54,153,177,284,77,3
261,662,91,53,143,177,336,81,3
271,606,87,53,124,147,348,73,3
244,614,87,52,129,157,342,64,3
257,651,94,55,104,143,336,68,3
282,602,90,55,104,155,375,72,3
293,573,92,58,104,182,349,67,3
290,471,88,61,120,201,383,81,3
295,524,92,63,124,196,364,83,3
292,478,93,67,128,203,371,80,3
275,477,92,66,128,185,329,75,3
293,512,97,68,117,143,297,85,3
256,502,93,63,117,160,245,70,3
268,457,91,58,123,159,248,68,3
321,576,85,53,149,184,319,90,3
323,603,91,61,150,185,308,88,3
293,562,82,55,156,192,290,78,3
281,587,75,55,146,185,300,85,3
285,618,85,57,136,184,311,88,3
260,577,87,56,97,149,203,67,3
259,582,86,49,89,143,205,67,3
271,685,87,56,142,156,308,74,3
276,755,93,56,143,126,290,68,3
269,754,87,61,143,121,285,61,3
268,727,85,60,144,116,300,59,3
263,710,81,61,153,123,305,81,3
259,715,87,54,123,131,246,75,3
250,680,87,52,122,121,227,72,3
304,654,93,47,119,133,233,77,3
301,636,93,46,194,201,235,78,3
294,716,91,43,208,220,258,55,3
300,659,89,44,213,225,249,59,3
366,586,101,50,210,225,262,64,3
314,591,112,51,211,228,283,63,3
281,601,114,51,175,215,279,63,2
316,680,134,53,159,193,266,71,2
330,639,130,58,132,166,251,70,2
257,632,119,58,133,172,259,70,2
285,693,100,54,147,173,281,72,2
289,706,106,56,124,125,339,67,2
270,578,86,52,115,126,335,59,2
237,566,86,46,118,132,340,57,2
228,592,88,40,124,135,376,54,2
181,495,102,57,114,122,361,55,2
188,484,91,53,99,113,301,61,2
207,465,86,56,124,142,322,62,2
198,465,85,56,142,160,325,65,2
193,456,79,56,134,157,274,63,2
226,445,71,45,129,150,229,54,2
256,491,75,50,130,147,254,51,2
245,505,85,50,110,156,262,49,2
247,566,103,54,86,133,263,47,2
252,610,110,58,106,155,283,54,2
229,631,107,55,111,161,283,58,2
228,568,105,53,108,164,260,63,2
205,590,97,52,105,138,241,72,2
202,579,81,46,103,140,239,76,2
199,552,70,40,97,115,199,75,2
193,548,71,50,89,114,216,72,2
162,561,72,48,88,122,206,73,2
168,477,66,47,115,128,196,65,2
207,419,61,48,121,119,159,60,2
216,437,75,51,107,109,151,54,2
212,391,69,39,113,101,123,53,2
233,394,66,43,115,126,122,45,2
240,476,72,53,106,119,92,45,2
216,476,74,52,106,119,92,40,2
203,412,137,57,105,122,88,41,2
200,405,150,59,100,121,81,40,2
140,368,154,61,98,78,77,37,2
108,222,300,94,103,52,47,32,2
77,160,371,105,99,49,32,32,2
59,117,364,105,97,41,39,30,2
52,105,365,106,96,35,39,29,2
45,99,364,104,106,33,40,28,2
35,74,264,73,87,29,38,25,2
34,58,165,61,83,26,39,22,2
34,77,132,54,89,26,31,19,2
63,140,117,51,101,29,61,27,2
66,151,115,50,96,45,91,29,2
71,154,99,47,89,60,94,29,2
71,155,64,41,86,64,96,29,2
72,162,70,41,87,64,97,31,2
67,121,64,42,75,63,81,26,2
71,140,65,44,64,53,47,24,2
66,139,59,37,75,38,41,22,2
68,143,63,35,79,31,46,23,2
66,146,49,38,81,31,48,22,2
52,146,42,37,80,30,47,23,2
50,153,42,38,80,27,44,22,2
51,196,43,39,71,26,45,23,2
53,228,43,38,79,27,35,24,2
55,220,37,34,71,46,26,21,2
52,224,41,32,67,50,25,20,2
50,214,36,27,67,50,30,22,2
52,177,36,38,63,49,28,22,2
50,141,37,45,56,50,41,25,2
50,150,39,45,59,31,52,25,2
49,160,37,44,58,26,54,25,2
54,172,47,46,58,26,51,24,2
62,181,53,42,60,24,51,25,2
68,179,50,37,63,22,42,22,2
66,169,48,40,60,24,34,22,2
64,147,47,43,61,24,32,22,2
61,147,45,42,65,27,34,23,2
59,174,39,39,62,27,34,22,2
56,175,38,37,57,27,49,24,2
61,176,39,35,62,29,53,24,2
62,183,41,38,64,28,52,24,2
64,196,37,39,72,25,52,24,2
64,200,38,40,71,26,55,25,2
57,194,39,43,68,27,51,22,2
58,227,42,44,62,26,48,24,2
58,222,41,42,60,25,47,24,2
66,204,42,42,45,26,46,22,2
65,192,42,41,43,24,44,21,2
66,203,40,40,54,23,43,22,2
65,161,38,41,79,45,49,22,2
64,163,39,45,95,55,52,23,2
56,167,36,44,97,57,54,24,2
48,151,33,44,104,58,53,25,2
57,163,38,45,99,59,46,24,2
64,176,39,42,78,44,36,24,2
83,218,40,36,69,33,41,26,2
87,206,41,34,84,30,44,25,2
90,201,40,33,78,30,49,24,2
90,197,38,34,79,29,49,26,2
88,206,39,36,80,29,47,25,2
71,161,37,35,70,28,40,21,2
61,164,35,42,57,27,49,20,2
59,156,35,44,73,28,47,22,2
60,134,39,44,75,27,47,22,2
77,137,44,43,74,30,50,26,2
79,143,45,49,79,30,51,28,2
80,134,46,43,74,30,36,30,2
80,149,45,43,56,28,44,30,2
81,162,47,42,55,28,59,30,2
64,146,43,43,53,25,60,26,2
66,156,42,37,46,24,62,25,2
66,157,40,36,60,51,62,23,2
67,156,43,41,67,59,55,21,2
59,154,41,39,73,61,41,23,2
54,143,38,39,73,62,48,24,2
59,137,39,41,72,64,58,25,2
60,149,40,44,71,47,62,26,2
66,205,38,41,67,36,62,26,2
65,205,32,44,63,35,60,25,2
63,210,32,43,63,32,52,25,2
55,241,39,45,70,29,41,24,2
68,240,39,42,77,27,41,26,2
71,216,39,38,76,29,47,25,2
75,230,42,35,77,28,45,25,2
77,233,42,35,85,29,45,25,2
75,202,36,32,80,28,41,23,2
70,205,35,30,62,26,39,19,2
64,183,36,36,60,25,34,20,2
58,168,39,38,61,47,58,22,2
58,163,39,41,58,49,59,22,2
73,182,40,44,61,50,59,24,2
65,168,42,50,63,51,59,27,2
78,181,51,52,64,54,64,31,2
76,171,48,49,59,37,54,31,2
80,170,50,48,66,35,72,30,2
79,150,51,48,65,54,75,30,2
100,176,50,42,67,59,74,32,2
88,159,39,35,69,56,68,28,2
92,166,40,40,71,58,64,26,2
88,167,37,42,66,56,43,27,2
77,159,36,43,65,39,47,27,2
48,135,34,41,64,31,55,23,2
57,166,34,41,56,30,57,23,2
53,160,30,39,52,27,61,24,2
61,160,33,42,41,48,62,25,2
60,153,31,41,39,52,55,24,2
60,166,31,40,36,52,52,24,2
56,148,33,44,42,53,51,24,2
55,156,34,44,41,54,46,24,2
56,171,31,44,43,40,54,24,2
70,184,34,44,45,55,56,25,2
75,182,35,46,48,56,52,23,2
70,177,33,41,43,55,51,25,2
80,190,37,41,48,55,46,26,2
73,175,37,36,51,53,42,23,2
73,192,35,38,49,33,53,22,2
69,190,34,35,44,31,58,22,2
75,232,36,35,46,33,57,22,2
67,219,31,33,49,32,58,21,2
65,222,34,34,57,28,54,24,2
65,194,32,36,58,30,45,26,2
64,221,33,38,67,47,45,27,2
65,179,39,40,70,54,49,29,2
62,180,39,39,67,55,49,29,2
78,222,44,42,92,57,49,26,2
71,229,44,44,94,57,43,24,2
73,200,47,46,93,56,59,23,2
67,196,41,46,95,52,59,22,2
85,205,42,46,100,56,62,24,2
83,168,37,44,68,54,64,27,2
81,170,37,37,70,54,65,27,2
79,171,32,34,70,41,50,27,2
81,182,33,34,64,36,51,26,2
60,165,29,33,56,27,43,23,2
49,145,25,36,62,47,40,21,2
45,146,26,33,54,51,38,21,2
43,141,25,36,46,54,37,22,2
41,113,29,42,48,55,41,23,2
56,125,31,40,50,56,55,23,2
63,163,33,38,58,50,55,23,2
68,175,36,41,83,67,57,24,2
68,192,38,43,88,68,59,24,2
69,207,44,38,91,67,54,24,2
60,219,44,38,99,68,44,22,2
59,207,43,37,91,60,43,23,2
54,187,42,34,75,57,50,22,2
58,172,40,33,85,70,52,21,2
77,175,33,35,84,76,54,22,2
80,163,34,38,82,77,59,23,2
75,152,34,40,85,87,60,21,2
77,178,33,41,85,78,52,21,2
77,192,33,39,84,66,48,23,2
56,185,36,39,88,69,57,22,2
58,182,37,37,90,74,48,22,2
59,200,36,36,89,66,54,24,2
63,208,38,36,87,69,55,24,2
62,211,40,38,74,76,54,25,2
62,207,36,40,65,69,41,25,2
54,213,33,42,67,62,42,26,2
51,219,35,39,69,75,50,25,2
45,208,33,38,68,69,55,27,2
41,189,31,36,66,60,53,24,2
51,193,32,33,66,58,53,25,2
52,188,31,32,59,70,53,23,2
57,167,32,34,68,57,43,23,2
59,156,35,37,71,59,44,21,2
59,168,38,43,71,68,53,21,2
61,187,39,44,71,70,53,21,2
64,196,40,43,64,60,52,23,2
59,193,39,43,65,56,48,23,2
58,196,40,42,65,80,51,22,2
77,205,39,38,70,76,45,23,2
71,185,40,37,72,74,44,22,2
67,172,39,38,71,72,43,19,2
72,226,40,36,75,71,50,21,2
78,247,39,39,78,66,54,23,2
58,230,40,36,81,65,60,22,2
58,227,40,36,81,63,64,22,2
61,233,41,38,85,64,66,21,2
54,184,40,38,73,73,61,20,2
51,147,38,32,74,58,48,18,2
51,164,35,31,70,56,47,18,2
55,168,37,32,71,58,57,17,2
53,150,36,29,70,73,59,19,2
66,147,35,31,74,70,62,18,2
62,159,37,32,73,67,64,19,2
62,175,40,36,76,64,57,22,2
58,198,36,37,85,77,46,22,2
61,202,36,36,83,65,46,23,2
51,206,39,36,73,60,68,25,2
50,204,38,36,72,56,72,26,2
47,180,36,33,70,64,72,23,2
49,176,34,30,59,61,72,26,2
47,169,37,34,60,61,73,26,2
48,188,38,37,61,62,50,25,2
49,189,37,39,50,63,42,24,2
54,202,37,39,57,73,59,25,2
51,184,37,39,59,63,59,23,2
51,187,34,35,72,61,57,22,2
45,157,27,34,73,60,57,24,2
45,142,28,32,76,59,60,24,2
43,125,30,36,70,45,39,24,2
44,121,34,37,72,52,43,24,2
41,128,38,40,61,54,43,24,2
46,129,39,38,67,55,41,20,2
75,171,39,37,82,56,54,21,2
79,168,36,34,81,56,56,22,2
81,187,42,37,83,56,53,22,2
81,183,41,39,84,58,56,23,2
81,197,42,41,79,59,59,25,2
56,161,43,47,68,58,49,26,2
55,178,45,49,76,67,57,25,2
78,212,44,46,73,62,64,26,2
86,221,47,46,70,59,61,26,2
85,204,45,44,68,58,60,26,2
84,205,46,40,61,56,61,27,2
83,212,46,39,73,64,54,27,2
59,154,41,41,75,64,48,25,2
50,144,35,38,71,63,47,24,2
49,160,35,37,71,62,51,23,2
47,169,34,36,73,63,46,20,2
69,163,39,42,72,77,53,23,2
71,174,36,43,75,78,51,23,2
69,198,40,42,79,78,54,24,2
70,199,41,44,79,80,48,25,2
74,213,41,46,78,81,48,26,2
51,194,39,40,57,43,37,25,2
47,184,41,35,46,35,35,25,2
48,164,37,35,52,45,32,25,2
48,159,35,37,51,59,36,23,2
51,128,34,39,48,61,36,22,2
55,142,31,40,48,60,36,21,2
59,155,30,40,58,59,41,26,2
58,145,32,42,51,53,42,26,2
54,148,33,43,69,45,37,26,2
56,172,33,40,77,52,39,28,2
53,169,32,39,78,57,59,28,2
48,154,29,40,73,59,60,23,2
50,156,28,39,78,58,65,22,2
50,150,29,35,69,51,68,24,2
45,164,39,37,84,59,66,21,2
42,159,40,36,92,63,52,19,2
46,181,44,38,90,64,47,24,2
44,179,44,39,86,72,35,24,2
51,192,44,40,85,79,62,26,2
48,163,40,38,62,67,67,26,2
52,159,39,39,46,59,71,27,2
52,142,39,38,53,60,73,24,2
68,184,40,38,56,50,74,24,2
62,168,40,39,67,50,52,22,2
59,172,36,36,71,56,45,24,2
64,207,35,40,74,58,65,25,2
63,224,34,43,70,57,68,24,2
48,201,34,42,67,57,67,24,2
52,198,32,42,63,48,69,23,1
52,199,32,44,62,40,70,22,1
61,228,37,38,62,65,47,22,1
63,208,34,36,62,65,45,22,1
61,204,33,38,59,66,47,21,1
61,207,35,37,41,64,45,24,1
63,215,37,38,44,66,44,23,1
46,142,31,40,46,36,49,22,1
44,141,33,36,70,53,51,26,1
44,133,32,34,72,56,55,28,1
43,132,34,35,74,57,60,26,1
46,119,33,33,72,56,60,26,1
46,153,32,33,68,56,54,25,1
49,150,30,32,46,41,47,23,1
49,158,31,36,43,37,39,21,1
50,150,26,34,45,35,33,20,1
44,154,26,34,59,35,30,20,1
43,143,34,35,80,33,35,21,1
45,156,35,36,80,26,41,19,1
49,160,35,38,82,26,43,19,1
59,186,35,38,80,31,56,23,1
63,185,38,36,69,51,60,26,1
62,182,32,34,51,55,57,26,1
57,172,35,36,57,56,53,25,1
54,161,37,34,54,58,63,26,1
49,190,38,38,55,56,51,24,1
43,186,34,45,54,39,48,23,1
45,185,34,44,47,33,47,22,1
45,185,34,44,38,31,46,23,1
45,205,37,44,46,28,31,29,1
34,156,34,39,50,29,31,32,1
34,160,37,35,57,30,43,46,1
34,164,39,37,60,32,53,76,1
44,168,44,41,72,66,71,153,1
74,287,84,55,95,124,89,294,1
116,314,93,63,142,193,122,356,1
128,311,96,66,148,198,149,387,1
132,309,99,65,152,205,153,401,1
154,319,150,66,153,215,161,555,1
233,222,256,77,141,236,184,602,1
260,275,300,105,105,191,208,652,1
298,371,310,105,111,211,202,734,1
312,503,352,109,114,220,221,880,1
334,512,404,115,109,206,292,865,1
407,604,457,110,117,196,437,1034,1
429,588,467,90,126,196,439,1065,1
449,538,490,92,118,174,466,1197,1
456,432,518,96,114,155,468,1166,1
455,425,587,125,121,177,463,1289,1
469,301,524,132,110,145,378,1219,1
458,304,505,130,102,142,364,1219,1
518,325,560,134,108,147,378,1156,1
535,330,520,134,102,156,390,1152,1
527,341,393,100,94,134,374,1047,1
443,326,428,97,103,126,340,937,1
433,305,429,95,94,132,381,931,1
322,273,333,85,82,131,343,820,1
298,243,333,79,87,133,352,777,1
296,224,359,81,102,129,362,720,1
278,208,363,63,104,119,342,750,1
275,228,367,62,103,114,326,794,1
296,233,354,61,102,106,309,770,1
282,235,346,57,101,107,277,792,1
273,243,348,78,90,123,232,798,1
296,279,309,85,94,132,252,906,1
268,240,305,84,96,126,197,806,1
236,237,341,89,111,123,207,878,1
227,240,343,98,113,110,212,895,1
228,224,310,83,121,94,223,863,1
188,198,273,72,113,86,190,747,1
226,207,265,70,115,89,208,785,1
205,227,311,75,101,88,206,701,1
219,242,368,65,100,102,193,642,1
212,234,374,69,89,92,170,664,1
224,241,385,74,93,81,178,621,1
210,251,384,79,85,80,156,546,1
205,244,311,66,83,78,156,611,1
186,232,246,64,100,81,149,623,1
187,237,278,66,109,85,147,558,1
168,202,274,62,97,86,128,683,1
134,202,266,54,98,85,135,730,1
137,178,268,57,102,97,125,649,1
150,190,258,62,79,84,139,630,1
139,188,201,50,65,82,139,643,1
132,186,179,55,64,81,141,486,1
125,176,158,55,64,80,171,396,1
120,215,155,54,76,77,171,394,1
85,193,190,49,80,81,149,368,1
92,208,195,59,80,90,148,314,1
106,214,197,55,84,89,155,466,1
122,207,198,53,82,87,117,565,1
121,198,224,59,98,102,113,601,1
128,221,215,63,96,91,115,582,1
133,217,225,60,98,79,111,602,1
127,230,216,59,99,81,107,524,1
119,238,246,60,101,89,116,506,1
121,226,273,61,77,66,141,487,1
120,225,280,57,72,63,145,471,1
124,219,284,51,73,68,196,526,1
117,203,296,57,90,79,209,493,1
113,207,285,56,94,74,212,444,1
123,201,245,54,88,66,199,444,1
124,197,245,60,90,64,209,448,1
113,206,237,67,101,59,162,372,1
116,211,236,62,90,63,163,505,1
120,221,255,62,83,64,161,497,1
116,223,263,62,84,64,166,484,1
108,220,225,55,87,76,182,498,1
104,211,220,62,89,86,188,487,1
97,210,204,63,85,92,175,373,1
86,193,181,69,88,91,170,363,1
83,190,164,67,88,106,172,383,1
91,203,181,71,84,98,141,442,1
93,279,201,60,64,90,138,446,1
96,328,222,62,60,68,128,435,1
104,323,221,58,61,67,124,457,1
102,330,213,55,62,89,115,455,1
105,322,204,51,64,91,109,396,1
114,280,203,51,58,93,96,378,1
113,240,189,47,56,94,111,435,1
109,245,170,44,70,100,100,399,1
102,226,176,43,84,59,110,365,1
121,228,177,46,86,55,124,413,1
124,232,199,47,84,61,124,474,1
125,235,192,46,87,77,112,438,1
122,232,187,45,80,71,141,445,1
126,230,199,48,62,76,136,466,1
125,219,226,57,61,93,119,445,1
118,200,195,58,70,93,120,404,1
124,179,199,62,72,89,139,425,1
125,183,209,63,66,89,138,437,1
128,204,205,63,67,87,133,440,1
108,241,192,52,62,86,137,416,1
108,251,174,52,70,85,134,423,1
105,263,166,44,77,79,113,373,1
103,265,154,42,83,80,82,342,1
108,288,170,45,81,88,97,333,1
114,268,151,47,82,73,93,318,1
114,259,149,45,84,78,95,283,1
107,238,146,45,77,82,116,301,1
105,226,168,49,86,104,141,322,1
94,208,156,46,92,100,141,318,1
79,199,165,47,93,98,147,300,1
90,208,209,49,80,101,147,368,1
92,206,214,51,76,98,137,381,1
93,217,198,50,79,71,120,389,1
87,187,194,53,81,71,109,393,1
92,177,196,57,81,75,103,393,1
75,155,147,53,90,69,127,402,1
73,170,144,54,95,82,135,438,1
81,175,159,54,88,87,125,410,1
85,184,150,55,88,93,125,382,1
84,185,129,51,102,100,133,384,1
81,179,134,52,98,97,122,296,1
88,197,152,51,95,82,122,225,1
82,184,138,54,87,90,137,325,1
88,171,146,49,83,93,147,350,1
94,189,175,45,70,105,145,356,1
95,197,179,44,78,115,136,359,1
89,167,160,42,81,118,126,399,1
89,164,158,40,81,113,117,330,1
78,178,140,40,88,103,97,369,1
74,186,120,46,84,89,86,365,1
77,170,113,54,82,79,91,422,1
85,183,122,54,81,85,91,404,1
88,235,159,52,81,93,98,446,1
89,232,181,60,71,93,97,400,1
104,252,169,57,73,117,101,419,1
110,258,176,48,85,113,99,382,1
118,274,201,55,88,111,102,416,1
114,233,191,58,90,106,102,376,1
114,237,183,49,89,107,117,393,1
96,213,205,58,87,72,114,374,1
90,238,205,61,68,84,113,364,1
89,212,202,60,58,80,112,301,1
111,224,201,58,51,74,112,308,1
130,276,205,60,49,70,126,375,1
133,262,192,54,51,72,131,373,1
155,283,240,55,61,74,153,400,1
160,300,242,53,66,77,165,394,1
148,300,239,55,68,106,158,381,1
136,266,245,54,70,107,140,347,1
138,267,240,51,84,108,138,358,1
115,249,201,47,84,112,115,342,1
93,244,204,49,93,115,100,352,1
94,245,207,53,94,91,101,350,1
93,225,197,54,95,89,104,323,1
90,220,214,56,86,103,119,327,1
96,191,215,60,82,90,124,318,1
100,174,184,59,76,83,123,300,1
99,156,173,52,77,74,119,302,1
113,191,177,60,89,94,117,333,1
116,199,163,66,102,86,107,312,1
113,190,189,63,98,90,132,333,1
116,216,189,63,96,93,133,360,1
117,222,212,65,103,97,143,373,1
108,188,204,57,89,98,155,361,1
105,195,201,48,85,105,152,372,1
101,198,156,45,92,118,122,355,1
100,185,178,41,88,118,115,333,1
99,188,149,42,81,120,105,319,1
91,198,140,39,87,106,80,299,1
87,184,153,44,80,101,86,342,1
83,184,162,43,68,84,111,343,1
74,161,139,43,71,86,116,346,1
71,154,140,42,107,82,123,370,1
77,176,145,44,108,86,137,386,1
68,176,139,40,104,80,134,338,1
72,171,163,47,108,79,122,378,1
74,168,168,44,126,75,149,385,1
76,159,157,42,101,78,143,368,1
84,150,158,42,96,77,142,357,1
84,154,165,43,99,73,144,396,1
85,167,157,44,95,84,140,370,1
92,177,155,44,65,89,116,406,1
94,188,156,50,69,87,117,395,1
81,192,157,54,67,84,112,424,1
102,222,156,56,64,89,114,396,1
106,214,177,60,65,72,113,368,1
104,205,176,65,75,70,120,348,1
101,201,190,65,74,69,119,367,1
114,223,206,63,75,72,119,303,1
108,217,196,61,79,62,142,298,1
106,236,179,60,91,58,152,309,1
105,240,178,58,98,55,141,289,1
109,243,174,55,93,61,147,314,1
98,214,167,52,102,55,141,337,1
94,194,167,54,102,58,139,425,1
91,160,139,45,96,64,128,430,1
94,209,141,43,87,79,127,417,1
109,208,145,49,81,73,121,383,1
104,194,127,50,71,80,131,402,1
99,198,117,47,77,83,111,339,1
97,211,144,52,82,96,109,344,1
90,162,168,53,78,82,105,352,1
70,160,169,48,100,80,110,360,1
76,185,172,48,103,96,119,316,1
72,180,181,53,96,94,110,325,1
71,198,170,53,91,82,117,319,1
71,205,158,50,105,90,128,357,1
76,206,175,52,92,116,144,446,1
75,189,174,52,99,118,146,456,1
89,213,181,48,100,123,152,432,1
98,192,212,51,105,121,150,434,1
98,180,203,52,92,121,150,397,1
92,188,192,56,100,102,133,365,1
101,195,217,60,95,79,112,353,1
95,178,219,67,92,78,98,375,1
84,177,187,66,100,99,102,363,1
90,206,186,66,101,93,90,361,1
91,237,184,61,85,99,94,286,1
85,260,163,59,91,110,96,285,1
88,246,248,59,98,111,119,272,1
88,241,255,54,112,117,119,266,1
88,239,257,53,118,122,128,270,1
84,212,261,54,121,116,136,360,1
78,177,277,51,116,114,134,373,1
81,201,203,40,116,112,130,352,1
89,206,192,38,90,89,125,364,1
94,192,198,40,80,105,118,387,1
100,175,178,37,105,101,99,298,1
113,190,151,39,115,93,95,301,1
109,169,142,40,114,91,72,307,1
106,200,152,40,121,105,74,314,1
105,217,170,41,129,92,76,300,1
98,215,183,44,107,92,73,320,1
79,207,181,43,96,101,71,295,1
73,237,171,41,102,107,84,297,1
68,211,158,45,103,97,93,319,1
55,191,178,46,101,102,90,319,1
53,194,170,45,110,102,94,293,1
68,213,161,51,107,95,99,317,1
64,175,159,52,110,85,88,295,1
61,168,171,50,108,80,70,251,1
61,182,146,52,104,64,68,225,1
73,228,179,56,96,63,70,221,1
65,211,181,52,105,64,74,173,1
72,216,186,57,106,65,98,206,1
75,226,189,56,100,69,103,209,1
77,219,179,59,92,66,120,267,1
67,163,164,57,94,83,118,275,1
83,148,172,58,91,85,123,290,1
78,153,172,56,73,82,119,305,1
92,177,170,58,69,78,121,328,1
94,177,157,49,72,88,113,297,1
97,218,139,49,67,77,122,351,1
92,251,130,47,67,82,126,352,1
104,247,143,42,71,82,120,343,1
112,267,131,53,86,76,115,337,1
109,263,127,53,85,63,104,321,1
107,240,124,54,87,67,100,254,2
103,204,161,63,91,67,98,248,2
100,209,146,64,85,66,91,231,2
78,166,172,53,73,69,87,196,2
81,207,190,55,77,83,103,207,2
82,198,189,53,89,82,125,271,2
81,227,189,52,83,73,145,281,2
70,243,217,52,82,80,153,282,2
76,236,228,57,84,90,173,431,2
78,206,217,55,79,77,180,439,2
83,241,216,54,65,71,163,418,2
84,231,192,41,87,79,148,433,2
97,216,159,42,96,73,145,427,2
92,254,120,48,98,60,126,276,2
88,257,116,49,122,58,103,260,2
83,224,115,49,134,60,125,244,2
99,211,115,55,122,56,139,250,2
95,210,150,62,116,57,165,290,2
112,211,156,56,112,57,164,296,2
109,201,150,53,126,92,164,289,2
115,241,155,56,113,93,156,284,2
101,280,169,54,124,110,137,237,2
95,277,157,48,129,114,126,215,2
96,288,144,49,132,116,142,189,2
108,312,144,50,138,110,190,186,2
140,372,136,48,144,116,253,176,2
158,367,106,44,142,111,255,161,2
249,380,76,39,150,136,283,92,2
342,503,134,66,281,198,307,101,2
436,543,152,79,318,261,344,101,2
511,590,212,105,329,289,322,100,2
568,682,230,115,351,303,323,105,2
589,744,232,116,348,294,324,107,2
558,737,231,106,258,260,402,136,2
492,748,243,101,194,187,367,133,2
460,864,255,87,174,135,354,130,2
493,986,363,120,119,115,354,157,2
440,970,381,125,120,123,405,179,2
428,937,370,121,117,126,300,150,2
436,904,360,120,103,133,286,151,2
420,836,335,124,94,137,287,153,2
429,778,222,91,120,118,302,143,2
434,824,207,96,129,103,247,117,2
438,837,201,99,122,90,246,119,2
449,981,232,107,132,104,239,121,2
422,965,209,92,148,102,231,114,2
277,857,183,83,127,99,259,85,2
344,844,179,72,112,100,206,87,2
344,815,179,70,116,107,210,83,2
334,654,130,59,119,88,216,77,2
319,576,121,59,98,85,231,76,2
320,550,117,56,90,76,168,69,2
213,451,85,51,95,82,173,58,2
184,422,77,53,105,81,179,62,2
243,584,103,56,95,90,189,68,2
251,597,111,51,95,88,165,62,2
252,584,113,51,92,89,158,62,2
260,590,114,49,123,88,190,64,2
278,645,132,61,119,94,199,72,2
224,545,126,59,115,86,196,69,2
248,535,121,59,125,85,216,74,2
239,532,123,60,127,86,218,73,2
233,511,123,60,100,103,179,75,2
208,460,126,56,90,90,156,66,2
184,506,119,57,90,89,143,62,2
189,480,118,58,87,94,160,62,2
190,483,111,56,89,105,158,64,2
194,531,112,57,85,82,153,60,2
187,540,82,49,80,82,149,57,2
181,448,75,44,77,77,148,52,2
127,419,81,42,74,84,135,43,2
138,395,83,42,92,73,169,52,2
204,338,77,40,90,70,167,48,2
215,339,83,37,92,70,180,51,2
224,330,73,33,95,81,184,58,2
227,382,64,33,98,63,155,60,2
221,462,80,37,86,61,138,58,2
161,485,81,37,85,62,164,66,2
169,472,78,33,85,81,160,66,2
197,471,77,36,89,74,150,61,2
194,463,79,36,88,78,151,59,2
196,398,58,35,82,85,148,51,2
191,381,64,37,84,93,121,43,2
171,355,60,42,82,76,108,36,2
129,341,65,42,83,77,110,43,2
119,289,58,42,72,84,104,41,2
124,337,65,43,75,75,141,41,2
115,329,65,41,76,66,137,41,2
152,366,67,39,92,88,141,43,2
161,386,59,35,88,107,139,32,2
161,409,59,38,93,101,142,35,2
171,353,54,34,85,99,89,35,2
176,371,48,39,81,102,146,37,2
168,355,51,39,73,85,157,43,2
151,303,52,40,68,58,157,43,2
150,290,53,38,67,54,159,40,2
124,323,53,39,70,82,157,41,2
124,349,49,30,67,78,111,38,2
106,351,53,29,59,80,100,33,2
99,367,52,28,70,81,113,37,2
140,377,53,31,90,100,109,41,2
180,390,55,32,90,82,107,42,2
181,337,59,37,93,82,105,43,2
185,308,48,35,91,78,93,42,2
197,325,62,41,90,99,72,45,2
171,293,59,39,83,79,77,45,2
139,304,58,39,83,77,76,43,2
138,303,55,33,86,88,111,48,2
143,319,54,40,88,92,116,47,2
133,299,43,36,96,74,120,40,2
145,356,54,39,101,98,130,41,2
136,320,55,39,102,99,173,44,2
132,322,59,41,96,89,150,37,2
114,346,58,37,94,86,151,38,2
115,356,62,36,104,108,203,47,2
127,320,55,35,87,88,196,45,2
125,316,52,36,87,86,157,44,2
150,326,55,39,90,99,162,49,2
157,295,63,42,90,108,162,52,2
152,289,58,46,64,85,85,47,2
128,276,55,43,77,84,79,47,2
126,261,57,46,82,98,101,49,2
95,280,52,45,77,88,95,43,2
102,266,47,44,77,77,108,41,2
113,274,48,42,76,79,111,38,2
115,328,51,45,77,89,158,40,2
125,357,53,43,70,72,166,40,2
123,316,48,49,76,77,182,40,2
104,328,49,48,89,89,178,41,2
83,316,46,46,91,85,204,52,2
81,270,44,43,80,75,176,48,2
72,264,44,44,84,99,169,48,2
78,334,51,38,83,97,164,50,2
78,319,49,34,77,84,160,49,2
80,309,51,34,88,96,160,40,2
88,297,51,37,95,98,161,44,2
86,269,49,39,91,72,156,42,2
80,190,43,40,93,79,141,41,2
80,262,47,40,93,94,158,42,2
85,307,54,43,81,83,158,42,2
81,321,55,43,63,80,153,40,2
80,324,58,44,63,104,151,41,2
81,349,60,42,57,97,155,40,2
98,397,58,42,52,88,152,38,2
96,360,50,38,70,99,115,34,2
100,355,53,42,77,102,154,35,2
99,359,46,37,77,80,147,32,2
106,377,52,41,81,97,156,35,2
96,276,46,40,78,91,136,32,2
92,298,47,45,68,76,134,33,2
101,297,44,45,63,97,119,34,2
107,306,46,44,62,103,121,38,2
102,244,38,38,63,88,105,34,2
102,268,41,39,65,102,111,36,2
118,276,44,34,66,107,120,38,2
108,303,41,36,67,85,87,36,2
107,299,42,38,64,76,183,42,2
102,312,45,37,72,81,187,42,2
98,294,44,37,73,63,188,40,2
111,337,44,42,76,55,187,41,2
106,308,42,38,79,68,201,40,2
103,294,44,36,80,75,151,44,2
106,296,41,38,69,80,147,45,2
102,293,40,38,74,81,147,46,2
80,227,37,34,72,99,151,44,2
84,255,45,33,73,103,153,45,2
83,285,44,34,73,97,136,42,2
124,271,44,34,77,101,140,42,2
128,311,45,37,81,101,134,43,2
121,324,47,38,76,87,129,43,2
123,293,41,36,81,72,115,42,2
128,345,50,37,84,90,143,36,2
103,362,50,36,79,80,158,38,2
98,341,51,38,72,83,158,43,2
102,317,51,35,74,82,157,43,2
114,368,54,36,73,91,194,50,2
114,315,45,37,72,74,171,50,2
104,316,46,38,72,72,151,48,2
106,311,43,35,74,69,156,46,2
111,310,47,39,68,67,154,48,2
103,257,42,36,57,55,102,41,2
93,282,43,34,53,80,96,41,2
101,326,43,38,74,88,111,43,2
114,399,52,44,76,90,105,41,2
105,399,49,38,76,88,108,36,2
103,397,53,41,77,90,129,44,2
101,362,52,41,76,85,153,41,2
89,306,56,37,58,78,157,39,2
70,201,48,30,44,97,157,36,2
84,229,48,33,54,98,154,37,2
84,303,52,31,71,97,151,35,2
92,349,51,30,72,84,152,43,2
97,380,49,35,71,98,142,44,2
101,403,50,34,71,74,147,49,2
90,401,52,39,72,75,162,48,2
83,343,46,39,60,74,143,46,2
82,348,50,40,60,89,110,40,2
80,323,46,37,65,77,134,44,2
79,311,46,36,65,84,133,41,2
81,353,51,35,56,95,123,41,2
78,356,53,35,53,96,123,40,2
70,305,48,34,58,82,123,39,2
74,321,51,37,62,89,119,35,2
83,334,52,39,62,86,137,43,2
78,274,42,33,60,71,132,45,2
84,288,39,34,59,71,128,46,2
89,298,39,35,71,83,133,47,2
90,278,35,33,61,75,129,46,2
90,247,35,37,59,69,110,38,2
92,269,36,37,61,84,111,35,2
94,280,38,38,58,95,141,40,2
97,268,38,38,39,87,147,40,2
99,269,38,38,53,92,153,44,2
88,262,35,34,69,106,157,43,2
89,264,33,35,77,102,161,45,2
83,286,30,34,82,91,135,39,2
77,286,35,36,82,96,122,37,2
65,270,35,37,73,91,123,43,2
68,338,41,37,65,81,111,45,2
65,339,44,39,73,82,105,47,2
65,344,47,40,83,84,109,48,2
76,401,49,37,86,83,114,52,2
77,413,49,35,87,83,87,43,2
80,354,48,33,87,99,123,41,2
85,333,48,30,83,90,157,44,2
87,289,48,40,77,88,156,44,2
91,244,45,39,80,93,156,41,2
98,249,45,42,81,96,151,41,2
96,268,46,47,87,74,133,41,2
99,284,44,49,82,75,91,37,2
101,339,45,42,74,91,128,37,2
85,308,42,42,67,81,126,41,2
77,318,46,40,67,78,162,42,2
75,309,45,37,54,79,154,39,2
71,312,52,36,64,93,160,40,2
68,251,48,37,67,77,136,39,2
79,307,52,35,65,75,139,35,2
79,290,50,39,69,83,118,37,2
77,296,45,45,68,97,139,49,2
82,328,45,46,64,84,141,46,2
89,347,45,46,63,89,142,48,2
83,302,41,48,67,104,139,47,2
97,294,44,51,64,103,189,53,2
104,319,50,46,63,90,177,48,2
102,278,43,45,59,98,175,50,2
95,251,43,44,62,97,174,48,2
96,248,45,44,60,84,196,51,2
85,312,47,43,66,70,146,53,2
76,286,42,40,74,89,143,48,2
66,305,49,40,78,80,143,50,2
64,311,50,43,75,80,163,58,2
73,313,53,43,73,77,157,58,2
73,266,51,35,68,96,166,56,2
89,302,54,35,63,87,174,61,2
92,278,46,34,48,87,172,57,2
94,283,46,33,47,85,171,52,2
109,391,50,30,50,97,180,56,2
105,393,47,31,47,81,161,52,2
99,364,47,33,44,73,154,49,2
103,368,53,34,50,76,167,48,2
105,384,55,34,49,91,148,46,2
86,303,47,37,63,79,152,45,2
90,288,49,41,71,79,151,42,2
82,281,47,42,70,89,177,42,2
80,327,43,40,73,98,182,45,2
84,310,41,41,89,86,182,49,2
79,278,42,40,79,84,178,46,2
85,281,42,34,73,86,179,47,2
88,302,45,32,72,82,164,46,2
87,273,51,34,67,74,166,42,2
84,254,51,30,45,70,171,39,2
89,292,54,34,42,87,165,41,2
84,293,55,38,47,89,161,39,2
90,265,51,38,53,83,152,38,2
104,293,49,37,59,102,130,40,2
101,316,49,37,58,100,115,42,2
102,294,48,36,59,88,74,33,2
102,290,46,35,66,82,113,43,2
101,335,50,34,75,90,120,44,2
80,298,47,33,76,63,135,44,2
81,352,52,39,81,67,139,43,2
85,379,52,33,80,67,146,48,2
83,400,53,32,83,90,138,45,2
75,402,49,31,73,85,159,48,2
91,414,46,36,71,83,156,50,2
94,372,44,30,73,81,159,50,2
90,363,43,31,99,90,155,48,2
119,393,47,32,92,71,145,48,2
118,391,49,35,96,68,109,43,2
107,390,51,37,97,68,96,40,2
106,373,50,42,119,95,104,42,3
116,416,52,42,103,88,146,46,3
86,395,52,43,104,86,150,46,3
106,369,53,43,102,85,153,49,3
117,390,53,41,101,98,161,50,3
123,443,56,36,79,74,150,48,3
111,368,52,39,77,72,110,40,3
117,354,51,44,72,69,120,36,3
100,373,55,48,70,70,146,44,3
95,384,55,49,66,52,135,43,3
78,332,54,48,62,63,136,43,3
89,342,57,47,61,73,136,47,3
91,371,55,41,63,75,136,46,3
95,391,52,41,65,77,104,38,3
102,361,54,41,65,81,101,36,3
104,360,50,42,54,80,97,33,3
113,398,54,40,64,79,109,40,3
110,365,50,39,67,78,85,39,3
114,328,47,33,67,76,91,38,3
102,286,41,28,64,90,106,39,3
120,381,55,30,67,81,112,41,3
108,461,61,32,57,73,103,32,3
117,467,69,36,72,71,116,35,3
112,464,71,37,74,70,116,45,3
123,491,71,40,76,58,112,47,3
105,455,66,42,73,62,113,48,3
101,360,56,46,73,63,119,47,3
86,362,47,43,60,65,107,46,3
96,389,48,42,59,75,100,36,3
82,364,47,45,58,64,94,34,3
104,340,45,47,63,57,83,32,3
102,325,42,42,59,55,66,29,3
117,355,45,43,74,79,59,35,3
109,324,42,45,77,71,54,34,3
113,322,42,38,77,70,53,32,3
93,306,43,35,73,70,56,33,3
91,291,43,39,77,69,56,34,3
73,218,41,40,71,35,58,30,3
70,196,45,39,75,32,54,29,3
68,186,45,38,75,31,42,31,3
66,154,42,39,76,30,51,28,3
70,143,41,37,94,28,54,29,3
66,148,53,38,88,26,51,27,3
89,163,124,59,79,25,50,28,3
112,195,132,69,81,59,127,32,3
275,441,200,114,108,108,314,114,3
379,707,380,136,137,294,501,148,3
562,868,477,201,211,428,692,207,3
612,1125,561,231,251,495,978,301,3
690,1243,633,263,413,603,1076,326,3
790,1337,692,288,460,665,1103,375,3
909,1411,685,298,460,617,1075,390,3
850,1370,632,265,437,544,1026,384,3
878,1256,559,238,425,546,851,332,3
851,1178,497,211,293,499,785,320,3
740,1040,396,157,251,531,798,275,3
583,886,266,123,280,565,787,259,3
682,966,273,127,275,602,862,315,3
673,972,275,138,265,556,813,315,3
649,987,240,121,253,567,842,318,3
650,997,245,140,221,569,891,304,3
641,964,252,144,179,565,971,297,3
614,907,298,152,211,628,953,236,3
612,936,377,162,268,736,968,240,3
634,1124,419,173,280,759,905,236,3
622,1176,429,170,274,706,812,216,3
618,1257,463,165,266,693,692,204,3
535,1220,424,148,256,699,583,193,3
466,1175,357,138,213,602,554,164,3
509,1124,350,170,201,542,557,159,3
544,1049,328,154,220,593,527,165,3
573,940,273,155,270,647,601,175,3
529,1041,288,158,282,689,642,146,3
548,1068,305,151,272,680,626,150,3
474,946,265,98,257,665,633,138,3
442,1029,292,104,236,610,639,152,3
398,1019,293,98,220,690,564,143,3
409,1038,310,97,189,561,510,149,3
408,1071,319,107,185,610,565,180,3
393,1141,324,110,202,693,710,177,3
387,1155,293,106,214,755,697,161,3
386,1144,317,129,177,644,714,173,3
399,1091,288,128,175,647,716,175,3
413,1130,291,119,170,618,746,145,3
418,1033,280,123,165,551,774,177,3
423,1011,289,124,155,476,788,173,3
412,1165,285,105,136,446,799,184,3
378,1173,292,101,128,428,775,179,3
335,1068,247,104,155,503,737,193,3
331,1071,244,95,154,476,702,197,3
308,1037,240,92,152,494,720,202,3
267,987,258,93,157,526,701,182,3
273,935,259,92,153,544,736,180,3
236,929,254,79,173,592,720,170,3
220,960,269,80,167,619,568,136,3
232,975,280,99,171,600,577,129,3
287,896,228,92,175,606,571,129,3
311,877,219,100,176,619,588,133,3
378,922,233,111,169,539,681,134,3
405,942,220,114,186,591,799,135,3
443,919,249,110,177,577,805,178,3
412,932,258,110,175,575,799,177,3
397,959,263,107,180,603,790,176,3
348,910,263,98,162,640,721,163,3
329,926,280,98,139,598,615,161,3
252,900,239,83,133,593,542,117,3
261,880,250,86,130,611,594,124,3
261,899,230,79,133,610,626,127,3
294,958,231,73,116,525,619,129,3
285,889,224,77,130,601,676,127,3
330,922,221,78,153,648,716,135,3
340,918,200,72,161,631,676,135,3
332,987,248,78,155,562,650,126,3
323,944,223,81,157,597,679,120,3
328,1011,198,76,151,470,616,118,3
279,1001,204,71,150,453,579,98,3
267,1013,214,71,179,518,585,128,3
289,896,162,68,180,538,562,132,3
247,913,182,70,178,505,462,137,3
272,895,186,65,170,530,476,154,3
273,906,186,69,151,476,516,156,3
294,871,195,76,114,393,485,119,3
266,868,200,76,127,496,474,127,3
286,923,206,74,140,518,500,123,3
244,875,206,74,138,481,458,110,3
270,921,218,76,153,524,376,109,3
236,918,196,70,148,578,425,121,3
249,904,206,71,145,510,481,110,3
231,816,190,76,137,513,500,107,3
231,822,198,79,136,507,483,94,3
225,767,182,73,117,470,473,91,3
230,837,180,70,156,506,507,91,3
223,879,161,64,151,539,611,125,3
235,881,167,60,164,601,659,141,3
259,885,158,58,163,615,683,145,3
240,931,158,62,166,620,695,148,3
262,972,167,68,166,605,713,143,3
298,1009,163,67,181,607,588,126,3
313,1040,182,68,181,576,529,120,3
337,1065,178,76,208,628,503,127,3
344,973,174,72,209,630,491,124,3
334,911,192,75,220,639,470,130,3
300,807,194,80,210,587,436,113,3
268,775,168,76,201,614,399,103,3
227,694,176,75,176,588,417,116,3
205,822,187,79,172,594,460,124,3
194,744,164,72,129,522,397,122,3
186,829,168,69,120,511,416,134,3
179,769,160,67,108,392,416,131,3
159,827,150,56,103,358,424,121,3
168,794,137,57,109,365,415,118,3
188,796,145,62,77,315,389,122,3
240,840,178,66,166,474,388,116,3
246,888,185,66,179,487,382,118,3
251,854,182,65,191,547,352,106,3
251,825,180,69,194,529,367,108,3
217,830,166,62,200,535,394,89,3
157,717,121,56,139,449,348,83,3
156,685,118,59,128,489,412,80,3
143,753,115,66,164,396,467,80,3
146,771,123,59,166,383,427,66,3
272,810,127,62,170,394,392,88,3
292,938,134,61,186,465,430,104,3
314,976,139,67,286,562,424,119,3
321,937,148,58,269,589,371,118,3
332,1001,150,55,270,611,371,118,3
246,985,152,54,293,669,389,111,3
230,911,150,63,309,744,431,99,3
203,945,150,59,232,664,378,86,3
232,1044,157,61,222,674,375,91,3
206,987,163,67,235,718,445,104,3
213,957,158,68,224,742,457,104,3
203,978,164,64,184,604,387,101,3
216,991,168,76,175,605,403,105,3
181,848,151,79,172,575,417,102,3
190,813,138,77,151,522,365,95,3
174,826,138,74,129,393,327,85,3
189,789,141,77,134,376,318,84,3
181,773,130,59,133,380,347,72,3
181,821,134,53,136,411,377,69,3
171,821,130,52,134,414,359,62,3
187,863,134,55,112,399,356,71,3
194,922,142,57,140,409,407,68,3
183,818,136,60,129,384,383,79,3
189,799,141,61,124,343,320,81,3
231,829,157,63,123,379,350,83,3
222,815,160,62,122,382,382,82,3
219,765,137,56,96,398,348,82,3
217,822,144,54,115,412,322,71,3
216,769,140,54,122,432,334,80,3
171,746,123,46,121,359,282,80,3
192,769,163,47,121,352,240,72,3
191,873,174,49,119,386,220,74,3
178,801,165,47,160,532,333,86,3
165,895,169,53,184,596,334,77,3
176,882,165,56,202,643,340,76,3
148,834,115,51,208,658,351,80,3
123,644,101,46,205,646,379,77,3
128,719,103,49,175,500,306,66,3
133,642,108,43,169,471,306,66,3
120,640,108,48,151,429,332,66,3
142,685,110,58,151,446,372,81,3
141,684,102,56,152,423,331,82,3
184,735,116,58,145,476,357,87,3
193,861,107,55,120,449,371,90,3
200,958,131,54,125,469,348,87,3
213,994,139,47,147,481,297,73,3
227,1019,141,47,150,491,325,73,3
224,1006,152,52,143,438,265,76,3
216,965,168,55,146,422,232,70,3
211,880,159,48,141,431,248,75,3
182,853,149,46,111,397,270,78,3
165,855,160,47,112,428,236,78,3
148,857,153,43,132,493,266,74,3
151,751,130,46,132,481,277,79,3
145,702,118,46,124,446,255,77,3
142,729,132,49,121,426,248,70,3
176,775,129,53,120,483,316,79,3
161,730,123,52,109,502,336,77,3
167,756,126,50,101,504,327,76,3
175,817,137,55,97,501,328,77,3
176,710,125,57,101,506,315,79,3
148,691,111,60,111,444,269,70,3
149,696,106,63,121,459,263,73,3
144,713,110,62,124,450,269,70,3
178,692,113,61,132,483,292,79,3
198,792,150,60,134,497,283,78,3
211,738,159,58,121,497,278,83,3
205,719,157,52,103,398,242,78,3
234,873,176,53,108,425,249,78,3
201,860,164,51,101,387,239,64,3
191,821,137,48,102,367,282,67,3
189,884,151,45,110,351,321,66,3
192,865,164,49,114,359,312,66,3
177,676,134,47,118,431,371,78,3
184,665,140,48,134,499,401,86,3
188,663,140,53,167,641,382,87,3
201,682,121,55,171,632,357,85,3
224,765,101,57,167,629,374,86,3
203,762,103,56,158,576,341,75,3
220,776,102,57,159,582,352,77,3
221,779,97,53,132,452,361,77,3
192,720,98,53,114,422,348,78,3
169,615,95,46,108,415,340,76,3
167,641,103,56,122,454,318,81,3
170,663,119,54,99,366,346,73,3
178,743,139,56,86,329,359,70,3
198,729,139,52,86,353,441,84,3
198,786,143,52,91,358,469,92,3
223,857,150,42,68,270,462,90,3
213,881,156,46,76,337,394,88,3
200,816,142,39,78,340,370,87,3
188,799,136,46,80,337,277,72,3
203,875,146,54,106,427,268,83,3
205,824,132,55,111,433,267,76,3
218,849,119,55,105,389,321,80,3
215,897,115,57,101,389,325,85,3
213,895,123,52,111,403,379,93,3
222,825,119,48,91,314,405,79,3
224,927,129,49,85,290,404,84,3
204,877,131,50,87,278,369,87,3
207,787,126,47,89,277,460,85,3
218,850,122,49,78,232,421,81,3
215,829,119,54,74,233,367,79,3
225,899,137,65,76,230,374,84,3
223,862,125,62,70,213,370,82,3
225,879,134,65,72,209,278,91,3
258,838,138,67,81,284,265,99,3
254,882,134,63,87,296,352,110,3
239,812,131,52,89,295,347,102,3
